--
-- PostgreSQL database dump
--

-- Dumped from database version 18.1
-- Dumped by pg_dump version 18.1

-- Started on 2026-01-21 13:41:28

SET statement_timeout = 0;
SET lock_timeout = 0;
SET idle_in_transaction_session_timeout = 0;
SET transaction_timeout = 0;
SET client_encoding = 'UTF8';
SET standard_conforming_strings = on;
SELECT pg_catalog.set_config('search_path', '', false);
SET check_function_bodies = false;
SET xmloption = content;
SET client_min_messages = warning;
SET row_security = off;

ALTER DATABASE showroom OWNER TO postgres;

SET statement_timeout = 0;
SET lock_timeout = 0;
SET idle_in_transaction_session_timeout = 0;
SET transaction_timeout = 0;
SET client_encoding = 'UTF8';
SET standard_conforming_strings = on;
SELECT pg_catalog.set_config('search_path', '', false);
SET check_function_bodies = false;
SET xmloption = content;
SET client_min_messages = warning;
SET row_security = off;

SET default_tablespace = '';

SET default_table_access_method = heap;

--
-- TOC entry 220 (class 1259 OID 19436)
-- Name: car_models; Type: TABLE; Schema: public; Owner: postgres
--

CREATE TABLE public.car_models (
    make_year integer,
    price double precision,
    created_at timestamp(6) without time zone,
    id bigint NOT NULL,
    updated_at timestamp(6) without time zone,
    image character varying(255),
    manufacturer character varying(255),
    name character varying(255)
);


ALTER TABLE public.car_models OWNER TO postgres;

--
-- TOC entry 219 (class 1259 OID 19435)
-- Name: car_models_id_seq; Type: SEQUENCE; Schema: public; Owner: postgres
--

ALTER TABLE public.car_models ALTER COLUMN id ADD GENERATED BY DEFAULT AS IDENTITY (
    SEQUENCE NAME public.car_models_id_seq
    START WITH 1
    INCREMENT BY 1
    NO MINVALUE
    NO MAXVALUE
    CACHE 1
);


--
-- TOC entry 222 (class 1259 OID 19445)
-- Name: car_options; Type: TABLE; Schema: public; Owner: postgres
--

CREATE TABLE public.car_options (
    car_id bigint,
    created_at timestamp(6) without time zone,
    id bigint NOT NULL,
    option_id bigint,
    updated_at timestamp(6) without time zone
);


ALTER TABLE public.car_options OWNER TO postgres;

--
-- TOC entry 221 (class 1259 OID 19444)
-- Name: car_options_id_seq; Type: SEQUENCE; Schema: public; Owner: postgres
--

ALTER TABLE public.car_options ALTER COLUMN id ADD GENERATED BY DEFAULT AS IDENTITY (
    SEQUENCE NAME public.car_options_id_seq
    START WITH 1
    INCREMENT BY 1
    NO MINVALUE
    NO MAXVALUE
    CACHE 1
);


--
-- TOC entry 224 (class 1259 OID 19452)
-- Name: cars; Type: TABLE; Schema: public; Owner: postgres
--

CREATE TABLE public.cars (
    car_model_id bigint,
    created_at timestamp(6) without time zone,
    id bigint NOT NULL,
    order_id bigint,
    owner_id bigint,
    updated_at timestamp(6) without time zone,
    image character varying(255),
    insurance_policy character varying(255),
    registration_number character varying(255),
    vin_number character varying(255)
);


ALTER TABLE public.cars OWNER TO postgres;

--
-- TOC entry 223 (class 1259 OID 19451)
-- Name: cars_id_seq; Type: SEQUENCE; Schema: public; Owner: postgres
--

ALTER TABLE public.cars ALTER COLUMN id ADD GENERATED BY DEFAULT AS IDENTITY (
    SEQUENCE NAME public.cars_id_seq
    START WITH 1
    INCREMENT BY 1
    NO MINVALUE
    NO MAXVALUE
    CACHE 1
);


--
-- TOC entry 226 (class 1259 OID 19463)
-- Name: email_verification_token; Type: TABLE; Schema: public; Owner: postgres
--

CREATE TABLE public.email_verification_token (
    expiry_date timestamp(6) without time zone,
    id bigint NOT NULL,
    user_id bigint NOT NULL,
    token character varying(255) NOT NULL
);


ALTER TABLE public.email_verification_token OWNER TO postgres;

--
-- TOC entry 225 (class 1259 OID 19462)
-- Name: email_verification_token_id_seq; Type: SEQUENCE; Schema: public; Owner: postgres
--

ALTER TABLE public.email_verification_token ALTER COLUMN id ADD GENERATED BY DEFAULT AS IDENTITY (
    SEQUENCE NAME public.email_verification_token_id_seq
    START WITH 1
    INCREMENT BY 1
    NO MINVALUE
    NO MAXVALUE
    CACHE 1
);


--
-- TOC entry 228 (class 1259 OID 19476)
-- Name: option_categories; Type: TABLE; Schema: public; Owner: postgres
--

CREATE TABLE public.option_categories (
    created_at timestamp(6) without time zone,
    id bigint NOT NULL,
    updated_at timestamp(6) without time zone,
    name character varying(255)
);


ALTER TABLE public.option_categories OWNER TO postgres;

--
-- TOC entry 227 (class 1259 OID 19475)
-- Name: option_categories_id_seq; Type: SEQUENCE; Schema: public; Owner: postgres
--

ALTER TABLE public.option_categories ALTER COLUMN id ADD GENERATED BY DEFAULT AS IDENTITY (
    SEQUENCE NAME public.option_categories_id_seq
    START WITH 1
    INCREMENT BY 1
    NO MINVALUE
    NO MAXVALUE
    CACHE 1
);


--
-- TOC entry 230 (class 1259 OID 19483)
-- Name: options; Type: TABLE; Schema: public; Owner: postgres
--

CREATE TABLE public.options (
    price double precision,
    car_model_id bigint,
    created_at timestamp(6) without time zone,
    id bigint NOT NULL,
    option_category_id bigint,
    updated_at timestamp(6) without time zone,
    name character varying(255)
);


ALTER TABLE public.options OWNER TO postgres;

--
-- TOC entry 229 (class 1259 OID 19482)
-- Name: options_id_seq; Type: SEQUENCE; Schema: public; Owner: postgres
--

ALTER TABLE public.options ALTER COLUMN id ADD GENERATED BY DEFAULT AS IDENTITY (
    SEQUENCE NAME public.options_id_seq
    START WITH 1
    INCREMENT BY 1
    NO MINVALUE
    NO MAXVALUE
    CACHE 1
);


--
-- TOC entry 232 (class 1259 OID 19490)
-- Name: orders; Type: TABLE; Schema: public; Owner: postgres
--

CREATE TABLE public.orders (
    total_price double precision,
    created_at timestamp(6) without time zone,
    customer_id bigint,
    id bigint NOT NULL,
    salesman_id bigint,
    updated_at timestamp(6) without time zone
);


ALTER TABLE public.orders OWNER TO postgres;

--
-- TOC entry 231 (class 1259 OID 19489)
-- Name: orders_id_seq; Type: SEQUENCE; Schema: public; Owner: postgres
--

ALTER TABLE public.orders ALTER COLUMN id ADD GENERATED BY DEFAULT AS IDENTITY (
    SEQUENCE NAME public.orders_id_seq
    START WITH 1
    INCREMENT BY 1
    NO MINVALUE
    NO MAXVALUE
    CACHE 1
);


--
-- TOC entry 234 (class 1259 OID 19497)
-- Name: password_reset_token; Type: TABLE; Schema: public; Owner: postgres
--

CREATE TABLE public.password_reset_token (
    expiry_date timestamp(6) without time zone,
    id bigint NOT NULL,
    user_id bigint NOT NULL,
    token character varying(255) NOT NULL
);


ALTER TABLE public.password_reset_token OWNER TO postgres;

--
-- TOC entry 233 (class 1259 OID 19496)
-- Name: password_reset_token_id_seq; Type: SEQUENCE; Schema: public; Owner: postgres
--

ALTER TABLE public.password_reset_token ALTER COLUMN id ADD GENERATED BY DEFAULT AS IDENTITY (
    SEQUENCE NAME public.password_reset_token_id_seq
    START WITH 1
    INCREMENT BY 1
    NO MINVALUE
    NO MAXVALUE
    CACHE 1
);


--
-- TOC entry 236 (class 1259 OID 19510)
-- Name: profiles; Type: TABLE; Schema: public; Owner: postgres
--

CREATE TABLE public.profiles (
    cpr bigint,
    id bigint NOT NULL,
    phone_number bigint,
    cpr_image character varying(255),
    first_name character varying(255),
    home_address character varying(255),
    last_name character varying(255)
);


ALTER TABLE public.profiles OWNER TO postgres;

--
-- TOC entry 235 (class 1259 OID 19509)
-- Name: profiles_id_seq; Type: SEQUENCE; Schema: public; Owner: postgres
--

ALTER TABLE public.profiles ALTER COLUMN id ADD GENERATED BY DEFAULT AS IDENTITY (
    SEQUENCE NAME public.profiles_id_seq
    START WITH 1
    INCREMENT BY 1
    NO MINVALUE
    NO MAXVALUE
    CACHE 1
);


--
-- TOC entry 238 (class 1259 OID 19521)
-- Name: users; Type: TABLE; Schema: public; Owner: postgres
--

CREATE TABLE public.users (
    verified boolean,
    id bigint NOT NULL,
    profile_id bigint,
    email_address character varying(255),
    password character varying(255),
    role character varying(255),
    user_status character varying(255),
    CONSTRAINT users_role_check CHECK (((role)::text = ANY ((ARRAY['ADMIN'::character varying, 'SALESMAN'::character varying, 'CUSTOMER'::character varying])::text[]))),
    CONSTRAINT users_user_status_check CHECK (((user_status)::text = ANY ((ARRAY['ACTIVE'::character varying, 'INACTIVE'::character varying])::text[])))
);


ALTER TABLE public.users OWNER TO postgres;

--
-- TOC entry 237 (class 1259 OID 19520)
-- Name: users_id_seq; Type: SEQUENCE; Schema: public; Owner: postgres
--

ALTER TABLE public.users ALTER COLUMN id ADD GENERATED BY DEFAULT AS IDENTITY (
    SEQUENCE NAME public.users_id_seq
    START WITH 1
    INCREMENT BY 1
    NO MINVALUE
    NO MAXVALUE
    CACHE 1
);


--
-- TOC entry 4998 (class 0 OID 19436)
-- Dependencies: 220
-- Data for Name: car_models; Type: TABLE DATA; Schema: public; Owner: postgres
--

INSERT INTO public.car_models VALUES (2025, 2500000, '2026-01-20 20:55:08.561157', 1, '2026-01-20 20:55:08.561157', 'b8e80b9a-59f5-4cd0-ad3c-a0a8fbc2cf0d_ferrari F80 2025.jpg', 'Ferrari', 'F80 DEFAULT CONFIGURATION');
INSERT INTO public.car_models VALUES (2025, 3000000, '2026-01-21 12:41:35.8056', 2, '2026-01-21 12:41:35.8056', '9c402652-c4c1-4d77-9ff9-9b5e874a223b_ferrari F80 2025 ALUMINUM LUCIDO.jpg', 'Ferrari', 'F80 ALUMINUM LUCIDO');
INSERT INTO public.car_models VALUES (2025, 3000000, '2026-01-21 12:39:08.228663', 3, '2026-01-21 12:39:08.228663', '8cf2f56b-040e-4afc-ac99-cf15f95d9c8f_ferrari F80 2025 Bianco Italia.jpg', 'Ferrari', 'F80 BIANCO ITALIA');
INSERT INTO public.car_models VALUES (2025, 3000000, '2026-01-21 12:43:38.908587', 4, '2026-01-21 12:43:38.908587', '61d378a2-e3f6-4420-8bc2-b538a44792b1_ferrari F80 2025 BLU ELETTRICO.jpg', 'Ferrari', 'F80 BLU ELETTRICO');
INSERT INTO public.car_models VALUES (2025, 3500000, '2026-01-21 12:44:59.972471', 5, '2026-01-21 12:44:59.972471', '18fd3f5e-f539-43e1-8404-693555ea3367_FERRARI F80 2025 GIALLO TRIPLO STRATO.jpg', 'Ferrari', 'F80 GIALLO TRIPLO STRATO');
INSERT INTO public.car_models VALUES (2025, 3900000, '2026-01-21 12:45:55.415716', 6, '2026-01-21 12:45:55.415716', '18769d04-a026-43b6-9d33-220146319d5a_FERRARI F80 2025 GREEN JEWEL.jpg', 'Ferrari', 'F80 GREEN JEWEL');
INSERT INTO public.car_models VALUES (2025, 3900000, '2026-01-21 12:46:38.481292', 7, '2026-01-21 12:46:38.481292', '0c87d918-3bd3-473a-b429-faf8d5a496f0_FERRARI F80 2025 RAME MICA.jpg', 'Ferrari', 'F80 RAME MICA');
INSERT INTO public.car_models VALUES (2025, 4000000, '2026-01-21 12:47:24.423419', 8, '2026-01-21 12:47:24.423419', 'ddffeea5-084a-4ee0-bcc4-84bde2792167_FERRARI F80 2025 ROSSO SUPERCAR.jpg', 'Ferrari', 'F80 ROSSO SUPERCAR');
INSERT INTO public.car_models VALUES (2025, 4000000, '2026-01-21 12:47:58.363522', 9, '2026-01-21 12:47:58.363522', '8eb5f9cf-0a24-4135-9d02-398a40ef1406_FERRARI F80 2025 VERDE MASONI OPACO.jpg', 'Ferrari', 'F80 VERDE MASONI OPACO');


--
-- TOC entry 5000 (class 0 OID 19445)
-- Dependencies: 222
-- Data for Name: car_options; Type: TABLE DATA; Schema: public; Owner: postgres
--

INSERT INTO public.car_options VALUES (2, '2026-01-21 13:06:11.708542', 1, 25, '2026-01-21 13:06:11.708542');
INSERT INTO public.car_options VALUES (2, '2026-01-21 13:06:11.724546', 2, 26, '2026-01-21 13:06:11.724546');


--
-- TOC entry 5002 (class 0 OID 19452)
-- Dependencies: 224
-- Data for Name: cars; Type: TABLE DATA; Schema: public; Owner: postgres
--

INSERT INTO public.cars VALUES (1, '2026-01-21 13:06:11.680542', 2, 2, 1, '2026-01-21 13:06:11.680542', 'b8e80b9a-59f5-4cd0-ad3c-a0a8fbc2cf0d_ferrari F80 2025.jpg', '60/VA/123456789/0/0', '111', '1G1RC6E47H5123456');


--
-- TOC entry 5004 (class 0 OID 19463)
-- Dependencies: 226
-- Data for Name: email_verification_token; Type: TABLE DATA; Schema: public; Owner: postgres
--



--
-- TOC entry 5006 (class 0 OID 19476)
-- Dependencies: 228
-- Data for Name: option_categories; Type: TABLE DATA; Schema: public; Owner: postgres
--

INSERT INTO public.option_categories VALUES ('2026-01-20 20:50:11.844353', 2, '2026-01-20 20:50:11.844353', 'wheels');
INSERT INTO public.option_categories VALUES ('2026-01-20 20:50:18.47637', 3, '2026-01-20 20:50:18.47637', 'details');
INSERT INTO public.option_categories VALUES ('2026-01-20 20:50:29.338519', 4, '2026-01-20 20:50:29.338519', 'interior_materials');
INSERT INTO public.option_categories VALUES ('2026-01-20 20:50:42.533432', 5, '2026-01-20 20:50:42.533432', 'interior_stiching');
INSERT INTO public.option_categories VALUES ('2026-01-20 20:50:53.73049', 6, '2026-01-20 20:50:53.73049', 'interior_finish');
INSERT INTO public.option_categories VALUES ('2026-01-20 20:49:57.061922', 1, '2026-01-20 20:57:03.628007', 'exterior_paint');
INSERT INTO public.option_categories VALUES ('2026-01-20 20:57:31.388293', 7, '2026-01-20 20:57:31.388293', 'interior_paint');
INSERT INTO public.option_categories VALUES ('2026-01-21 11:59:03.847961', 8, '2026-01-21 11:59:03.847961', 'seats_type');
INSERT INTO public.option_categories VALUES ('2026-01-21 12:01:41.262165', 9, '2026-01-21 12:01:41.262165', 'safety_belts');


--
-- TOC entry 5008 (class 0 OID 19483)
-- Dependencies: 230
-- Data for Name: options; Type: TABLE DATA; Schema: public; Owner: postgres
--

INSERT INTO public.options VALUES (0, 2, '2026-01-21 12:53:30.323429', 27, 1, '2026-01-21 12:53:30.323429', 'ALUMINUM LUCIDO');
INSERT INTO public.options VALUES (0, 1, '2026-01-21 12:50:43.919484', 25, 1, '2026-01-21 12:50:43.919484', 'ROSSO CORSA DS 322');
INSERT INTO public.options VALUES (0, 1, '2026-01-21 12:52:18.064502', 26, 7, '2026-01-21 12:52:18.064502', 'ROSSO FX 3694');
INSERT INTO public.options VALUES (0, 2, '2026-01-21 12:54:32.576042', 28, 7, '2026-01-21 12:54:32.576042', 'GIALLO MODENA 1412');
INSERT INTO public.options VALUES (0, 3, '2026-01-21 12:54:59.506441', 29, 1, '2026-01-21 12:54:59.506441', 'BIANCO ITALIA');
INSERT INTO public.options VALUES (0, 3, '2026-01-21 12:55:13.729078', 30, 7, '2026-01-21 12:55:13.729078', 'ROSSO FX 3694');
INSERT INTO public.options VALUES (0, 4, '2026-01-21 12:55:33.088393', 31, 1, '2026-01-21 12:55:33.088393', 'BLU ELETTRICO 2020');
INSERT INTO public.options VALUES (0, 4, '2026-01-21 12:56:08.977826', 32, 7, '2026-01-21 12:56:08.977826', 'CHARCOAL 7453');
INSERT INTO public.options VALUES (0, 5, '2026-01-21 12:56:26.727373', 33, 1, '2026-01-21 12:56:26.727373', 'GIALLO TRIPLO STRATO');
INSERT INTO public.options VALUES (0, 5, '2026-01-21 12:56:41.501425', 34, 7, '2026-01-21 12:56:41.501425', 'AZZURRO DINO 1516');
INSERT INTO public.options VALUES (0, 6, '2026-01-21 12:56:54.91985', 35, 1, '2026-01-21 12:56:54.91985', 'GREEN JEWEL');
INSERT INTO public.options VALUES (0, 6, '2026-01-21 12:57:08.221364', 36, 7, '2026-01-21 12:57:08.221364', 'ROSSO FX 3694');
INSERT INTO public.options VALUES (0, 7, '2026-01-21 12:57:34.109354', 37, 1, '2026-01-21 12:57:34.109354', 'RAME MICA');
INSERT INTO public.options VALUES (0, 7, '2026-01-21 12:57:48.392447', 38, 7, '2026-01-21 12:57:48.392447', 'CHARCOAL 7453');
INSERT INTO public.options VALUES (0, 8, '2026-01-21 12:58:03.531365', 39, 1, '2026-01-21 12:58:03.532367', 'ROSSO SUPERCAR');
INSERT INTO public.options VALUES (0, 8, '2026-01-21 12:58:16.706966', 40, 7, '2026-01-21 12:58:16.706966', 'ROSSO FX 3694');
INSERT INTO public.options VALUES (0, 9, '2026-01-21 12:58:34.391655', 41, 1, '2026-01-21 12:58:34.391655', 'VERDE MASONI OPACO');
INSERT INTO public.options VALUES (0, 9, '2026-01-21 12:58:48.162417', 42, 7, '2026-01-21 12:58:48.162417', 'CHARCOAL 7453');


--
-- TOC entry 5010 (class 0 OID 19490)
-- Dependencies: 232
-- Data for Name: orders; Type: TABLE DATA; Schema: public; Owner: postgres
--

INSERT INTO public.orders VALUES (2500000, '2026-01-21 13:06:11.668542', 1, 2, 3, '2026-01-21 13:06:11.730545');


--
-- TOC entry 5012 (class 0 OID 19497)
-- Dependencies: 234
-- Data for Name: password_reset_token; Type: TABLE DATA; Schema: public; Owner: postgres
--



--
-- TOC entry 5014 (class 0 OID 19510)
-- Dependencies: 236
-- Data for Name: profiles; Type: TABLE DATA; Schema: public; Owner: postgres
--

INSERT INTO public.profiles VALUES (91356876, 1, 7989786, NULL, 'Fatima', 'Bahrain', 'Alansari');
INSERT INTO public.profiles VALUES (46879824, 3, 7989786, NULL, 'Fatima', 'Bahrain', 'Alansari');
INSERT INTO public.profiles VALUES (9123464, 4, 4989897, NULL, 'Fati', 'Bahrain', 'Abdulla');


--
-- TOC entry 5016 (class 0 OID 19521)
-- Dependencies: 238
-- Data for Name: users; Type: TABLE DATA; Schema: public; Owner: postgres
--

INSERT INTO public.users VALUES (true, 1, 1, 'tenmametsuki@gmail.com', '$2a$10$U559nmgW44..3myA6OF07OKY59K0mw0FjqP572uaXpeJ2iGA08qUe', 'CUSTOMER', 'ACTIVE');
INSERT INTO public.users VALUES (true, 3, 4, 'fatima.abdulla.alansari@gmail.com', '$2a$10$Bk1aQSID6dX/aOaW1l8KUuERgdstWOYYBd0U2gHGbWxAxGiVfr/tm', 'ADMIN', 'ACTIVE');
INSERT INTO public.users VALUES (true, 2, 3, 'fatima.a.alansari@hotmail.com', '$2a$10$KptjKlxCi8SfXxYJbrPWzeRfOYdgeWKzoHzgkqOM.zMio6ey.saWS', 'SALESMAN', 'ACTIVE');


--
-- TOC entry 5023 (class 0 OID 0)
-- Dependencies: 219
-- Name: car_models_id_seq; Type: SEQUENCE SET; Schema: public; Owner: postgres
--

SELECT pg_catalog.setval('public.car_models_id_seq', 9, true);


--
-- TOC entry 5024 (class 0 OID 0)
-- Dependencies: 221
-- Name: car_options_id_seq; Type: SEQUENCE SET; Schema: public; Owner: postgres
--

SELECT pg_catalog.setval('public.car_options_id_seq', 2, true);


--
-- TOC entry 5025 (class 0 OID 0)
-- Dependencies: 223
-- Name: cars_id_seq; Type: SEQUENCE SET; Schema: public; Owner: postgres
--

SELECT pg_catalog.setval('public.cars_id_seq', 2, true);


--
-- TOC entry 5026 (class 0 OID 0)
-- Dependencies: 225
-- Name: email_verification_token_id_seq; Type: SEQUENCE SET; Schema: public; Owner: postgres
--

SELECT pg_catalog.setval('public.email_verification_token_id_seq', 3, true);


--
-- TOC entry 5027 (class 0 OID 0)
-- Dependencies: 227
-- Name: option_categories_id_seq; Type: SEQUENCE SET; Schema: public; Owner: postgres
--

SELECT pg_catalog.setval('public.option_categories_id_seq', 9, true);


--
-- TOC entry 5028 (class 0 OID 0)
-- Dependencies: 229
-- Name: options_id_seq; Type: SEQUENCE SET; Schema: public; Owner: postgres
--

SELECT pg_catalog.setval('public.options_id_seq', 42, true);


--
-- TOC entry 5029 (class 0 OID 0)
-- Dependencies: 231
-- Name: orders_id_seq; Type: SEQUENCE SET; Schema: public; Owner: postgres
--

SELECT pg_catalog.setval('public.orders_id_seq', 2, true);


--
-- TOC entry 5030 (class 0 OID 0)
-- Dependencies: 233
-- Name: password_reset_token_id_seq; Type: SEQUENCE SET; Schema: public; Owner: postgres
--

SELECT pg_catalog.setval('public.password_reset_token_id_seq', 1, false);


--
-- TOC entry 5031 (class 0 OID 0)
-- Dependencies: 235
-- Name: profiles_id_seq; Type: SEQUENCE SET; Schema: public; Owner: postgres
--

SELECT pg_catalog.setval('public.profiles_id_seq', 4, true);


--
-- TOC entry 5032 (class 0 OID 0)
-- Dependencies: 237
-- Name: users_id_seq; Type: SEQUENCE SET; Schema: public; Owner: postgres
--

SELECT pg_catalog.setval('public.users_id_seq', 3, true);


--
-- TOC entry 4803 (class 2606 OID 19443)
-- Name: car_models car_models_pkey; Type: CONSTRAINT; Schema: public; Owner: postgres
--

ALTER TABLE ONLY public.car_models
    ADD CONSTRAINT car_models_pkey PRIMARY KEY (id);


--
-- TOC entry 4805 (class 2606 OID 19450)
-- Name: car_options car_options_pkey; Type: CONSTRAINT; Schema: public; Owner: postgres
--

ALTER TABLE ONLY public.car_options
    ADD CONSTRAINT car_options_pkey PRIMARY KEY (id);


--
-- TOC entry 4807 (class 2606 OID 19461)
-- Name: cars cars_order_id_key; Type: CONSTRAINT; Schema: public; Owner: postgres
--

ALTER TABLE ONLY public.cars
    ADD CONSTRAINT cars_order_id_key UNIQUE (order_id);


--
-- TOC entry 4809 (class 2606 OID 19459)
-- Name: cars cars_pkey; Type: CONSTRAINT; Schema: public; Owner: postgres
--

ALTER TABLE ONLY public.cars
    ADD CONSTRAINT cars_pkey PRIMARY KEY (id);


--
-- TOC entry 4811 (class 2606 OID 19470)
-- Name: email_verification_token email_verification_token_pkey; Type: CONSTRAINT; Schema: public; Owner: postgres
--

ALTER TABLE ONLY public.email_verification_token
    ADD CONSTRAINT email_verification_token_pkey PRIMARY KEY (id);


--
-- TOC entry 4813 (class 2606 OID 19474)
-- Name: email_verification_token email_verification_token_token_key; Type: CONSTRAINT; Schema: public; Owner: postgres
--

ALTER TABLE ONLY public.email_verification_token
    ADD CONSTRAINT email_verification_token_token_key UNIQUE (token);


--
-- TOC entry 4815 (class 2606 OID 19472)
-- Name: email_verification_token email_verification_token_user_id_key; Type: CONSTRAINT; Schema: public; Owner: postgres
--

ALTER TABLE ONLY public.email_verification_token
    ADD CONSTRAINT email_verification_token_user_id_key UNIQUE (user_id);


--
-- TOC entry 4817 (class 2606 OID 19481)
-- Name: option_categories option_categories_pkey; Type: CONSTRAINT; Schema: public; Owner: postgres
--

ALTER TABLE ONLY public.option_categories
    ADD CONSTRAINT option_categories_pkey PRIMARY KEY (id);


--
-- TOC entry 4819 (class 2606 OID 19488)
-- Name: options options_pkey; Type: CONSTRAINT; Schema: public; Owner: postgres
--

ALTER TABLE ONLY public.options
    ADD CONSTRAINT options_pkey PRIMARY KEY (id);


--
-- TOC entry 4821 (class 2606 OID 19495)
-- Name: orders orders_pkey; Type: CONSTRAINT; Schema: public; Owner: postgres
--

ALTER TABLE ONLY public.orders
    ADD CONSTRAINT orders_pkey PRIMARY KEY (id);


--
-- TOC entry 4823 (class 2606 OID 19504)
-- Name: password_reset_token password_reset_token_pkey; Type: CONSTRAINT; Schema: public; Owner: postgres
--

ALTER TABLE ONLY public.password_reset_token
    ADD CONSTRAINT password_reset_token_pkey PRIMARY KEY (id);


--
-- TOC entry 4825 (class 2606 OID 19508)
-- Name: password_reset_token password_reset_token_token_key; Type: CONSTRAINT; Schema: public; Owner: postgres
--

ALTER TABLE ONLY public.password_reset_token
    ADD CONSTRAINT password_reset_token_token_key UNIQUE (token);


--
-- TOC entry 4827 (class 2606 OID 19506)
-- Name: password_reset_token password_reset_token_user_id_key; Type: CONSTRAINT; Schema: public; Owner: postgres
--

ALTER TABLE ONLY public.password_reset_token
    ADD CONSTRAINT password_reset_token_user_id_key UNIQUE (user_id);


--
-- TOC entry 4829 (class 2606 OID 19519)
-- Name: profiles profiles_cpr_key; Type: CONSTRAINT; Schema: public; Owner: postgres
--

ALTER TABLE ONLY public.profiles
    ADD CONSTRAINT profiles_cpr_key UNIQUE (cpr);


--
-- TOC entry 4831 (class 2606 OID 19517)
-- Name: profiles profiles_pkey; Type: CONSTRAINT; Schema: public; Owner: postgres
--

ALTER TABLE ONLY public.profiles
    ADD CONSTRAINT profiles_pkey PRIMARY KEY (id);


--
-- TOC entry 4833 (class 2606 OID 19534)
-- Name: users users_email_address_key; Type: CONSTRAINT; Schema: public; Owner: postgres
--

ALTER TABLE ONLY public.users
    ADD CONSTRAINT users_email_address_key UNIQUE (email_address);


--
-- TOC entry 4835 (class 2606 OID 19530)
-- Name: users users_pkey; Type: CONSTRAINT; Schema: public; Owner: postgres
--

ALTER TABLE ONLY public.users
    ADD CONSTRAINT users_pkey PRIMARY KEY (id);


--
-- TOC entry 4837 (class 2606 OID 19532)
-- Name: users users_profile_id_key; Type: CONSTRAINT; Schema: public; Owner: postgres
--

ALTER TABLE ONLY public.users
    ADD CONSTRAINT users_profile_id_key UNIQUE (profile_id);


--
-- TOC entry 4846 (class 2606 OID 19580)
-- Name: orders fk6m36tgx80u99nu2stug50d21r; Type: FK CONSTRAINT; Schema: public; Owner: postgres
--

ALTER TABLE ONLY public.orders
    ADD CONSTRAINT fk6m36tgx80u99nu2stug50d21r FOREIGN KEY (salesman_id) REFERENCES public.users(id);


--
-- TOC entry 4848 (class 2606 OID 19585)
-- Name: password_reset_token fk83nsrttkwkb6ym0anu051mtxn; Type: FK CONSTRAINT; Schema: public; Owner: postgres
--

ALTER TABLE ONLY public.password_reset_token
    ADD CONSTRAINT fk83nsrttkwkb6ym0anu051mtxn FOREIGN KEY (user_id) REFERENCES public.users(id);


--
-- TOC entry 4844 (class 2606 OID 19570)
-- Name: options fk9ku2wxkadut06e5sk12nrspcp; Type: FK CONSTRAINT; Schema: public; Owner: postgres
--

ALTER TABLE ONLY public.options
    ADD CONSTRAINT fk9ku2wxkadut06e5sk12nrspcp FOREIGN KEY (option_category_id) REFERENCES public.option_categories(id);


--
-- TOC entry 4840 (class 2606 OID 19545)
-- Name: cars fkaj8qcq4ew4l8c7ipgpntm1yd3; Type: FK CONSTRAINT; Schema: public; Owner: postgres
--

ALTER TABLE ONLY public.cars
    ADD CONSTRAINT fkaj8qcq4ew4l8c7ipgpntm1yd3 FOREIGN KEY (car_model_id) REFERENCES public.car_models(id);


--
-- TOC entry 4845 (class 2606 OID 19565)
-- Name: options fkiln2bq79q7i3mqgfu8vo2c6wj; Type: FK CONSTRAINT; Schema: public; Owner: postgres
--

ALTER TABLE ONLY public.options
    ADD CONSTRAINT fkiln2bq79q7i3mqgfu8vo2c6wj FOREIGN KEY (car_model_id) REFERENCES public.car_models(id);


--
-- TOC entry 4838 (class 2606 OID 19540)
-- Name: car_options fkjgwlfyjfxgilapmj013nt9m21; Type: FK CONSTRAINT; Schema: public; Owner: postgres
--

ALTER TABLE ONLY public.car_options
    ADD CONSTRAINT fkjgwlfyjfxgilapmj013nt9m21 FOREIGN KEY (option_id) REFERENCES public.options(id);


--
-- TOC entry 4843 (class 2606 OID 19560)
-- Name: email_verification_token fkknax5in7pcatm2uf9uyple35x; Type: FK CONSTRAINT; Schema: public; Owner: postgres
--

ALTER TABLE ONLY public.email_verification_token
    ADD CONSTRAINT fkknax5in7pcatm2uf9uyple35x FOREIGN KEY (user_id) REFERENCES public.users(id);


--
-- TOC entry 4841 (class 2606 OID 19555)
-- Name: cars fkm5ibu05fg8g81fo6491puswuu; Type: FK CONSTRAINT; Schema: public; Owner: postgres
--

ALTER TABLE ONLY public.cars
    ADD CONSTRAINT fkm5ibu05fg8g81fo6491puswuu FOREIGN KEY (owner_id) REFERENCES public.users(id);


--
-- TOC entry 4849 (class 2606 OID 19590)
-- Name: users fkq2e6rj0p6p1gec2cslmaxugw1; Type: FK CONSTRAINT; Schema: public; Owner: postgres
--

ALTER TABLE ONLY public.users
    ADD CONSTRAINT fkq2e6rj0p6p1gec2cslmaxugw1 FOREIGN KEY (profile_id) REFERENCES public.profiles(id);


--
-- TOC entry 4842 (class 2606 OID 19550)
-- Name: cars fkqxbyrpc8s79v7i4vui1fhci06; Type: FK CONSTRAINT; Schema: public; Owner: postgres
--

ALTER TABLE ONLY public.cars
    ADD CONSTRAINT fkqxbyrpc8s79v7i4vui1fhci06 FOREIGN KEY (order_id) REFERENCES public.orders(id);


--
-- TOC entry 4847 (class 2606 OID 19575)
-- Name: orders fksjfs85qf6vmcurlx43cnc16gy; Type: FK CONSTRAINT; Schema: public; Owner: postgres
--

ALTER TABLE ONLY public.orders
    ADD CONSTRAINT fksjfs85qf6vmcurlx43cnc16gy FOREIGN KEY (customer_id) REFERENCES public.users(id);


--
-- TOC entry 4839 (class 2606 OID 19535)
-- Name: car_options fktqkl2kfqdrmy4pvyffr6f8hgl; Type: FK CONSTRAINT; Schema: public; Owner: postgres
--

ALTER TABLE ONLY public.car_options
    ADD CONSTRAINT fktqkl2kfqdrmy4pvyffr6f8hgl FOREIGN KEY (car_id) REFERENCES public.cars(id);


-- Completed on 2026-01-21 13:41:28

--
-- PostgreSQL database dump complete
--
